INSERT INTO cards VALUES('duo-credit-card','Duo Credit Card','Emirates NBD','other','AED',0.0,'#1D5A46','#0E3A2C');
INSERT INTO cards VALUES('mastercard-titanium-credit-card','Mastercard Titanium Credit Card','Emirates NBD','mastercard','AED',0.0,'#3A4048','#20242A');
INSERT INTO cards VALUES('wio-credit','Wio Credit','Wio Bank PJSC','mastercard','AED',0.0,'#1A1A2E','#E94560');
INSERT INTO cards VALUES('apple-card','Apple Card','Goldman Sachs','mastercard','USD',0.0,'#E5E5E5','#D4D4D4');
INSERT INTO cards VALUES('chase-sapphire-preferred','Chase Sapphire Preferred','JPMorgan Chase Bank, N.A.','visa','USD',95.0,'#1A3E6F','#B8A76B');
INSERT INTO cards VALUES('mashreq-cashback','Mashreq Cashback Credit Card','Mashreq','visa','AED',0.0,'#E08A2E','#C2701E');
INSERT INTO reward_rules VALUES(1,'duo-credit-card','grocery',5.0,'cashback_pct',500.0,'monthly',5000.0,'Minimum monthly spend of AED 5,000 per statement required to earn 5% Plus Points on Grocery, Electronics, Utilities, Education and Fuel categories. If not met, earn 1.5% Plus Points.','https://www.emiratesnbd.com/en/cards/credit-cards/duo-credit-cards',0);
INSERT INTO reward_rules VALUES(2,'duo-credit-card','utilities',5.0,'cashback_pct',500.0,'monthly',5000.0,'Minimum monthly spend of AED 5,000 per statement required to earn 5% Plus Points on Grocery, Electronics, Utilities, Education and Fuel categories. If not met, earn 1.5% Plus Points.','https://www.emiratesnbd.com/en/cards/credit-cards/duo-credit-cards',0);
INSERT INTO reward_rules VALUES(3,'duo-credit-card','fuel',5.0,'cashback_pct',500.0,'monthly',5000.0,'Minimum monthly spend of AED 5,000 per statement required to earn 5% Plus Points on Grocery, Electronics, Utilities, Education and Fuel categories. If not met, earn 1.5% Plus Points.','https://www.emiratesnbd.com/en/cards/credit-cards/duo-credit-cards',0);
INSERT INTO reward_rules VALUES(4,'duo-credit-card','general',0.5,'cashback_pct',NULL,'none',NULL,'Other spends including travel, dining, hotels and online.','https://www.emiratesnbd.com/en/cards/credit-cards/duo-credit-cards',0);
INSERT INTO reward_rules VALUES(5,'mastercard-titanium-credit-card','general',1.0,'points_per_unit',NULL,'monthly',NULL,'Up to 1 point for every AED 100 spent on retail spends','https://www.emiratesnbd.com/en/cards/credit-cards/mastercard-titanium-credit-card',0);
INSERT INTO reward_rules VALUES(6,'mastercard-titanium-credit-card','grocery',0.4000000000000000222,'points_per_unit',NULL,'monthly',NULL,'0.4% points for supermarkets, grocery, insurance and car dealership spends','https://www.emiratesnbd.com/en/cards/credit-cards/mastercard-titanium-credit-card',0);
INSERT INTO reward_rules VALUES(7,'mastercard-titanium-credit-card','fuel',0.2000000000000000111,'points_per_unit',NULL,'monthly',NULL,'0.2% points for fuel, utility, real estate and education spends','https://www.emiratesnbd.com/en/cards/credit-cards/mastercard-titanium-credit-card',0);
INSERT INTO reward_rules VALUES(8,'wio-credit','general',0.5,'cashback_pct',2500.0,'monthly',NULL,'When paying other credit cards with Wio credit','https://wio.io/personal-credit',0);
INSERT INTO reward_rules VALUES(10,'apple-card','general',2.0,'cashback_pct',NULL,'none',NULL,'When using Apple Pay','https://www.apple.com/apple-card/',0);
INSERT INTO reward_rules VALUES(12,'apple-card','travel',3.0,'cashback_pct',NULL,'none',NULL,'At Apple (including App Store, Apple Music, etc.) and select merchants (Nike, Uber, Walgreens, etc.) when using Apple Pay','https://www.apple.com/apple-card/',0);
INSERT INTO reward_rules VALUES(13,'chase-sapphire-preferred','travel',2.0,'points_per_unit',NULL,'none',NULL,'All other travel purchases','https://creditcards.chase.com/rewards-credit-cards/sapphire/preferred',0);
INSERT INTO reward_rules VALUES(14,'chase-sapphire-preferred','dining',3.0,'points_per_unit',NULL,'none',NULL,'Dining at restaurants including takeout and eligible delivery services','https://creditcards.chase.com/rewards-credit-cards/sapphire/preferred',0);
INSERT INTO reward_rules VALUES(15,'chase-sapphire-preferred','fuel',3.0,'points_per_unit',NULL,'none',NULL,'Gas stations and EV charging','https://creditcards.chase.com/rewards-credit-cards/sapphire/preferred',0);
INSERT INTO reward_rules VALUES(17,'chase-sapphire-preferred','entertainment',3.0,'points_per_unit',NULL,'none',NULL,'Top streaming services','https://creditcards.chase.com/rewards-credit-cards/sapphire/preferred',0);
INSERT INTO reward_rules VALUES(18,'chase-sapphire-preferred','grocery',3.0,'points_per_unit',NULL,'none',NULL,'Online grocery (excluding Target, Walmart, and wholesale clubs)','https://creditcards.chase.com/rewards-credit-cards/sapphire/preferred',0);
INSERT INTO reward_rules VALUES(20,'chase-sapphire-preferred','general',1.0,'points_per_unit',NULL,'none',NULL,'All other purchases','https://creditcards.chase.com/rewards-credit-cards/sapphire/preferred',0);
INSERT INTO reward_rules VALUES(21,'mashreq-cashback','dining',5.0,'cashback_pct',NULL,'monthly',NULL,'International and local dining spends','https://www.mashreq.com/en/uae/neo/cards/credit-cards/cashback-credit-card/',0);
INSERT INTO reward_rules VALUES(22,'mashreq-cashback','general',1.0,'cashback_pct',NULL,'monthly',NULL,'Local spends (up to 1% cashback)','https://www.mashreq.com/en/uae/neo/cards/credit-cards/cashback-credit-card/',0);
INSERT INTO reward_rules VALUES(24,'mashreq-cashback','utilities',0.1499999999999999945,'cashback_pct',NULL,'monthly',NULL,'Government payments, utilities, education, charity, fuel, rental and telecom spends. Not applicable on bill payments via Mashreq Online and Mobile Banking App','https://www.mashreq.com/en/uae/neo/cards/credit-cards/cashback-credit-card/',0);
INSERT INTO reward_rules VALUES(25,'mashreq-cashback','entertainment',20.0,'cashback_pct',50.0,'monthly',NULL,'First 4 months on Netflix, Talabat, Careem and more. Max AED 50 per merchant per month.','https://www.mashreq.com/en/uae/neo/cards/credit-cards/cashback-credit-card/',0);
INSERT INTO points_valuation VALUES('chase-sapphire-preferred','Chase Ultimate Rewards',0.01250000000000000069);
INSERT INTO user_cards VALUES('duo-credit-card');
INSERT INTO user_cards VALUES('mastercard-titanium-credit-card');
INSERT INTO user_cards VALUES('wio-credit');
INSERT INTO user_cards VALUES('apple-card');
INSERT INTO user_cards VALUES('chase-sapphire-preferred');
INSERT INTO user_cards VALUES('mashreq-cashback');
INSERT INTO card_offers VALUES(1,'duo-credit-card','entertainment','Buy 1 get 1 movie ticket free at Cine Royals Cinemas','Buy 1 get 1 offer on tickets at Cine Royals Cinemas. AED 40.25 for two regular 2D Standard tickets. 15% discount on Food and Beverages. Maximum 3 free tickets per month.','https://www.emiratesnbd.com/en/cards/credit-cards/duo-credit-cards',0);
INSERT INTO card_offers VALUES(2,'duo-credit-card','travel','Complimentary airport lounge access','Premium lounge access worldwide with Diners Club and Mastercard cards. Over 1,500 lounges worldwide.','https://www.emiratesnbd.com/en/cards/credit-cards/duo-credit-cards',0);
INSERT INTO card_offers VALUES(3,'duo-credit-card','entertainment','Complimentary golf access','Complimentary access to top golf courses across the UAE.','https://www.emiratesnbd.com/en/cards/credit-cards/duo-credit-cards',0);
INSERT INTO card_offers VALUES(4,'duo-credit-card',NULL,'Concierge services','Concierge services to take care of time-consuming errands.','https://www.emiratesnbd.com/en/cards/credit-cards/duo-credit-cards',0);
INSERT INTO card_offers VALUES(5,'duo-credit-card',NULL,'0% Easy Payment Plans','0% Easy Payment Plans at select Merchant Outlets.','https://www.emiratesnbd.com/en/cards/credit-cards/duo-credit-cards',0);
INSERT INTO card_offers VALUES(6,'duo-credit-card','utilities','Utility bill payments facility','Utility bill payments facility.','https://www.emiratesnbd.com/en/cards/credit-cards/duo-credit-cards',0);
INSERT INTO card_offers VALUES(7,'mastercard-titanium-credit-card','dining','Bon Appétit - an exclusive dining experience','Exclusive dining experience','https://www.emiratesnbd.com/en/cards/credit-cards/mastercard-titanium-credit-card',0);
INSERT INTO card_offers VALUES(8,'mastercard-titanium-credit-card','travel','Complimentary Airport Lounge Access','Complimentary Lounge access upon Flight delay with Flight Delay pass','https://www.emiratesnbd.com/en/cards/credit-cards/mastercard-titanium-credit-card',0);
INSERT INTO card_offers VALUES(9,'mastercard-titanium-credit-card',NULL,'0% Easy Payment Plans','0% Easy Payment Plans at select Merchant Outlets','https://www.emiratesnbd.com/en/cards/credit-cards/mastercard-titanium-credit-card',0);
INSERT INTO card_offers VALUES(10,'mastercard-titanium-credit-card','transit','Auto Salik Top-Up','Drive easy with Salik auto top-up','https://www.emiratesnbd.com/en/cards/credit-cards/mastercard-titanium-credit-card',0);
INSERT INTO card_offers VALUES(11,'mastercard-titanium-credit-card',NULL,'Credit Shield Pro','Secure your life with enhanced benefits: 0.99% monthly fee, up to AED 300,000 decease cover, AED 100 per day hospitalization, up to AED 60,000 job loss cover','https://www.emiratesnbd.com/en/cards/credit-cards/mastercard-titanium-credit-card',0);
INSERT INTO card_offers VALUES(12,'wio-credit',NULL,'Easy Installments','Split purchases into 3 to 48 months.','https://wio.io/personal-credit',0);
INSERT INTO card_offers VALUES(13,'wio-credit',NULL,'Easy Cash','Borrow from credit limit at AED 1 per day per AED 1,000, repay within 30 days.','https://wio.io/personal-credit',0);
INSERT INTO card_offers VALUES(14,'apple-card','travel','Booking.com Travel Credits','2% in Booking.com Travel Credits on eligible stays and car rentals booked through exclusive link with Apple Card','https://www.apple.com/apple-card/',0);
INSERT INTO card_offers VALUES(15,'apple-card','travel','Uber One 6-month free trial','Six-month free trial of Uber One when signing up with Apple Card and Apple Pay through exclusive link','https://www.apple.com/apple-card/',0);
INSERT INTO card_offers VALUES(16,'apple-card','travel','Hertz rental car savings and benefits','At least 5% off Pay Later base rates, free emergency roadside service, discounted loss damage waiver, and free additional driver','https://www.apple.com/apple-card/',0);
INSERT INTO card_offers VALUES(17,'chase-sapphire-preferred','travel','$100 Chase Travel Hotel Credit','Up to $100 in statement credits each account anniversary year for hotel stays purchased through Chase Travel.','https://creditcards.chase.com/rewards-credit-cards/sapphire/preferred',0);
INSERT INTO card_offers VALUES(18,'chase-sapphire-preferred','travel','Global Entry/TSA PreCheck/NEXUS Fee Credit','One statement credit of up to $120 every four years for application fee.','https://creditcards.chase.com/rewards-credit-cards/sapphire/preferred',0);
INSERT INTO card_offers VALUES(19,'chase-sapphire-preferred','entertainment','Complimentary Apple TV','One year of complimentary Apple TV when activated by December 31, 2026.','https://creditcards.chase.com/rewards-credit-cards/sapphire/preferred',0);
INSERT INTO card_offers VALUES(20,'chase-sapphire-preferred','dining','DoorDash DashPass Membership','Complimentary DashPass membership for 12 months, plus $10 monthly promo on non-restaurant orders.','https://creditcards.chase.com/rewards-credit-cards/sapphire/preferred',0);
INSERT INTO card_offers VALUES(21,'chase-sapphire-preferred',NULL,'5x on Peloton Purchases','Earn 5x total points on eligible Peloton equipment and accessory purchases over $150 through 12/31/27.','https://creditcards.chase.com/rewards-credit-cards/sapphire/preferred',0);
INSERT INTO card_offers VALUES(22,'chase-sapphire-preferred','transit','5x on Lyft Rides','Earn 5x on Lyft rides through 9/30/27.','https://creditcards.chase.com/rewards-credit-cards/sapphire/preferred',0);
INSERT INTO card_offers VALUES(23,'mashreq-cashback',NULL,'AED 500 Welcome Bonus','For new credit card customers: AED 500 Welcome Bonus on the card when you spend AED 5,000 or more in the first 2 months post card issuance. For existing credit card customers: AED 100 Welcome Bonus on the card when you spend AED 5,000 or more in the first 2 months post card issuance.','https://www.mashreq.com/en/uae/neo/cards/credit-cards/cashback-credit-card/',0);
INSERT INTO card_offers VALUES(24,'mashreq-cashback','dining','DragonFly & Dine Programme','Download Dine & Fly mobile app, register and enjoy dining discounts.','https://www.mashreq.com/en/uae/neo/cards/credit-cards/cashback-credit-card/',0);
INSERT INTO card_offers VALUES(25,'mashreq-cashback','entertainment','Visa Mena Offers powered by Entertainer','2-1 deals on food, entertainment and shopping, PLUS 5,000 travel discounts.','https://www.mashreq.com/en/uae/neo/cards/credit-cards/cashback-credit-card/',0);
INSERT INTO card_offers VALUES(26,'mashreq-cashback','entertainment','50% discount at Cinepolis','50% off on Deluxe-Plus seats, up to 8 tickets per month. Valid until 31 Dec 2026.','https://www.mashreq.com/en/uae/neo/cards/credit-cards/cashback-credit-card/',0);
INSERT INTO card_offers VALUES(27,'mashreq-cashback','travel','Travel Easy','Discover a host of travel offers which offer peace of mind and great savings.','https://www.mashreq.com/en/uae/neo/cards/credit-cards/cashback-credit-card/',0);
INSERT INTO card_offers VALUES(28,'mashreq-cashback',NULL,'Visa offers','Exclusive deals and offers from Visa.','https://www.mashreq.com/en/uae/neo/cards/credit-cards/cashback-credit-card/',0);
INSERT INTO card_offers VALUES(29,'mashreq-cashback',NULL,'Easy Payment Plan','Enjoy shopping and the freedom to buy now and pay later with Easy Payment Plan.','https://www.mashreq.com/en/uae/neo/cards/credit-cards/cashback-credit-card/',0);
